{"20230221": {"Wav1-2": {"273_down": [4850.637019851366, 29.446809030777533], "253_down": [4850.637019851366, 29.446809030777533], "233_down": [4850.637019851366, 29.446809030777533], "213_down": [4850.637019851366, 29.446809030777533], "233_up": [4850.637019851366, 29.446809030777533], "253_up": [4850.637019851366, 29.446809030777533], "273_up": [4850.637019851366, 29.446809030777533]}, "Wav1-3": {"273_down": [9878.59963954629, 24.05378289806904], "253_down": [9878.59963954629, 24.05378289806904], "233_down": [9878.59963954629, 24.05378289806904], "213_down": [9878.59963954629, 24.05378289806904], "233_up": [9878.59963954629, 24.05378289806904], "253_up": [9878.59963954629, 24.05378289806904], "273_up": [9878.59963954629, 24.05378289806904]}, "Wav1-4": {"273_down": [14553.88370835611, 92.10178339299183], "253_down": [14553.88370835611, 92.10178339299183], "233_down": [14553.88370835611, 92.10178339299183], "213_down": [14553.88370835611, 92.10178339299183], "233_up": [14553.88370835611, 92.10178339299183], "253_up": [14553.88370835611, 92.10178339299183], "273_up": [14553.88370835611, 92.10178339299183]}, "Wav1-5": {"273_down": [19367.31526162846, 124.92829778200277], "253_down": [19367.31526162846, 124.92829778200277], "233_down": [19367.31526162846, 124.92829778200277], "213_down": [19367.31526162846, 124.92829778200277], "233_up": [19367.31526162846, 124.92829778200277], "253_up": [19367.31526162846, 124.92829778200277], "273_up": [19367.31526162846, 124.92829778200277]}, "Wav2-1": {"273_down": [4611.284482203506, 75.52954756796805], "253_down": [4611.284482203506, 75.52954756796805], "233_down": [4611.284482203506, 75.52954756796805], "213_down": [4611.284482203506, 75.52954756796805], "233_up": [4611.284482203506, 75.52954756796805], "253_up": [4611.284482203506, 75.52954756796805], "273_up": [4611.284482203506, 75.52954756796805]}, "Wav2-2": {"273_down": [9719.453378961594, 59.853510359345236], "253_down": [9719.453378961594, 59.853510359345236], "233_down": [9719.453378961594, 59.853510359345236], "213_down": [9719.453378961594, 59.853510359345236], "233_up": [9719.453378961594, 59.853510359345236], "253_up": [9719.453378961594, 59.853510359345236], "273_up": [9719.453378961594, 59.853510359345236]}, "Wav2-3": {"273_down": [14911.426158726441, 29.020624976000278], "253_down": [14911.426158726441, 29.020624976000278], "233_down": [14911.426158726441, 29.020624976000278], "213_down": [14911.426158726441, 29.020624976000278], "233_up": [14911.426158726441, 29.020624976000278], "253_up": [14911.426158726441, 29.020624976000278], "273_up": [14911.426158726441, 29.020624976000278]}, "Wav2-4": {"273_down": [19473.632052788118, 117.61608758556821], "253_down": [19473.632052788118, 117.61608758556821], "233_down": [19473.632052788118, 117.61608758556821], "213_down": [19473.632052788118, 117.61608758556821], "233_up": [19473.632052788118, 117.61608758556821], "253_up": [19473.632052788118, 117.61608758556821], "273_up": [19473.632052788118, 117.61608758556821]}}, "20230222": {"Wav1-2": {"273_down": [4986.429852844746, 0.03616257598586268], "253_down": [4986.429852844746, 0.03616257598586268], "233_down": [4986.429852844746, 0.03616257598586268], "213_down": [4986.429852844746, 0.03616257598586268]}, "Wav1-3": {"273_down": [9978.201176060009, 0.05133540593507849], "253_down": [9978.201176060009, 0.05133540593507849], "233_down": [9978.201176060009, 0.05133540593507849], "213_down": [9978.201176060009, 0.05133540593507849]}, "Wav1-4": {"273_down": [14948.426012484259, 0.06980415197667965], "253_down": [14948.426012484259, 0.06980415197667965], "233_down": [14948.426012484259, 0.06980415197667965], "213_down": [14948.426012484259, 0.06980415197667965]}, "Wav1-5": {"273_down": [19895.748757679026, 0.12574230270941997], "253_down": [19895.748757679026, 0.12574230270941997], "233_down": [19895.748757679026, 0.12574230270941997], "213_down": [19895.748757679026, 0.12574230270941997]}, "Wav2-1": {"273_down": [4949.73846818876, 0.6480947559470054], "253_down": [4949.73846818876, 0.6480947559470054], "233_down": [4949.73846818876, 0.6480947559470054], "213_down": [4949.73846818876, 0.6480947559470054]}, "Wav2-2": {"273_down": [9950.591762246195, 0.5370470366156556], "253_down": [9950.591762246195, 0.5370470366156556], "233_down": [9950.591762246195, 0.5370470366156556], "213_down": [9950.591762246195, 0.5370470366156556]}, "Wav2-3": {"273_down": [14979.094939523622, 0.6097440956504299], "253_down": [14979.094939523622, 0.6097440956504299], "233_down": [14979.094939523622, 0.6097440956504299], "213_down": [14979.094939523622, 0.6097440956504299]}, "Wav2-4": {"273_down": [19952.016076125004, 0.5996470199556699], "253_down": [19952.016076125004, 0.5996470199556699], "233_down": [19952.016076125004, 0.5996470199556699], "213_down": [19952.016076125004, 0.5996470199556699]}}, "20230223": {"Wav1-2": {"253_down": [4983.45161479556, 0.746324608543742], "213_down": [4983.45161479556, 0.746324608543742]}, "Wav1-3": {"253_down": [9975.339213095725, 1.437995357975144], "213_down": [9975.339213095725, 1.437995357975144]}, "Wav1-4": {"253_down": [14956.179112149319, 1.4373900861716251], "213_down": [14956.179112149319, 1.4373900861716251]}, "Wav1-5": {"253_down": [19899.050641472666, 3.8322517578806288], "213_down": [19899.050641472666, 3.8322517578806288]}, "Wav2-1": {"253_down": [4939.259118678587, 2.519524059084134], "213_down": [4939.259118678587, 2.519524059084134]}, "Wav2-2": {"253_down": [9935.302531263347, 2.468888754229289], "213_down": [9935.302531263347, 2.468888754229289]}, "Wav2-3": {"253_down": [14966.669188725553, 2.537323608750573], "213_down": [14966.669188725553, 2.537323608750573]}, "Wav2-4": {"253_down": [19943.943807267053, 2.033409516254849], "213_down": [19943.943807267053, 2.033409516254849]}}, "20230224": {"Wav1-2": {"293_down": [4748.790591968846, 33.683426522775726], "283_down": [4748.790591968846, 33.683426522775726], "273_down": [4748.790591968846, 33.683426522775726], "263_down": [4748.790591968846, 33.683426522775726], "253_down": [4748.790591968846, 33.683426522775726], "243_down": [4748.790591968846, 33.683426522775726], "233_down": [4748.790591968846, 33.683426522775726], "223_down": [4748.790591968846, 33.683426522775726], "213_down": [4748.790591968846, 33.683426522775726], "223_up": [4748.790591968846, 33.683426522775726], "233_up": [4748.790591968846, 33.683426522775726], "243_up": [4748.790591968846, 33.683426522775726], "253_up": [4748.790591968846, 33.683426522775726], "263_up": [4748.790591968846, 33.683426522775726], "273_up": [4748.790591968846, 33.683426522775726]}, "Wav1-3": {"293_down": [9661.9286762308, 52.241864019763085], "283_down": [9661.9286762308, 52.241864019763085], "273_down": [9661.9286762308, 52.241864019763085], "263_down": [9661.9286762308, 52.241864019763085], "253_down": [9661.9286762308, 52.241864019763085], "243_down": [9661.9286762308, 52.241864019763085], "233_down": [9661.9286762308, 52.241864019763085], "223_down": [9661.9286762308, 52.241864019763085], "213_down": [9661.9286762308, 52.241864019763085], "223_up": [9661.9286762308, 52.241864019763085], "233_up": [9661.9286762308, 52.241864019763085], "243_up": [9661.9286762308, 52.241864019763085], "253_up": [9661.9286762308, 52.241864019763085], "263_up": [9661.9286762308, 52.241864019763085], "273_up": [9661.9286762308, 52.241864019763085]}, "Wav1-4": {"293_down": [14775.778592269637, 21.368205751461318], "283_down": [14775.778592269637, 21.368205751461318], "273_down": [14775.778592269637, 21.368205751461318], "263_down": [14775.778592269637, 21.368205751461318], "253_down": [14775.778592269637, 21.368205751461318], "243_down": [14775.778592269637, 21.368205751461318], "233_down": [14775.778592269637, 21.368205751461318], "223_down": [14775.778592269637, 21.368205751461318], "213_down": [14775.778592269637, 21.368205751461318], "223_up": [14775.778592269637, 21.368205751461318], "233_up": [14775.778592269637, 21.368205751461318],